PC1,PC2,PC3,PC4,PC5,PC6,PC7,PC8,A16
-1100.7907339567112,16.97141149207673,-1.7985148989787312,-3.9504524271674715,2.658929943088501,-0.10902275439388308,-0.694706772526278,-0.4980570817734954,1
-541.177001023971,-143.59902902637063,25.52855330244151,-2.8750234127493934,3.176869645864344,2.266566184029515,-0.47238425749540575,1.35344939566718,1
-276.6038438935952,93.00477999511031,-7.525300786543348,-2.9079030012689313,1.3705641595895113,-0.9978661611528369,-0.7307071679805706,1.4326829012840394,1
-1098.038214921591,-85.0419413127149,-4.589475514305086,0.4210165532418095,4.179550580087241,-1.843941746623162,-0.6040480292005533,-0.582513721028233,1
107.20287448545112,11.938963944866439,-4.707367503530174,15.801031963563815,4.145218147273967,3.081865670491094,-0.1768915808725712,-0.7857909571702676,1
-1100.5528098951256,115.01106781116641,-8.593019175273126,-2.3587402806174036,0.8926429263243708,-0.37804450049583777,-0.5626696612782942,-0.7407370733982305,1
158.716631667309,-188.26175933743806,15.430250517343167,1.9002618789547687,0.3958401218804762,-2.795844395070981,-0.3857660401735324,0.5185897570961291,1
-1089.9883431377386,-65.12478310652496,-4.0300092407945405,5.359264507069375,-8.411974429724099,0.2229069353144789,-0.5737976795083022,1.2279178254098835,1
-1100.9280374915527,-40.134904531879236,8.69676237375665,-0.8039813826688311,-0.7983213986126925,2.9852472012768994,-0.6736546519402404,0.7943570744652619,1
-1101.0389089889688,-84.9415247260686,-17.049597701713648,-0.8502038375539264,2.845696504595233,-1.467007449882319,-0.7180048936014668,1.218316401555517,1
-1101.278959865219,-185.23489231178144,15.253849473648165,6.790823129756004,-1.6229114946233534,1.1678655206951294,-0.30343900028898824,0.8858766478492478,1
-1101.2773474301698,-185.3756579837037,27.28335942198121,16.718320795065857,-0.726104714083896,-5.009957752907214,0.11859566386312088,-0.44890001406712404,1
-1101.2794508752645,-185.25016204322512,24.65350162934591,-1.6982174166501351,-1.8342999359116139,-1.5785847622961795,-0.3176229151633446,-0.007782444260387413,1
8899.9045561656,290.57190156193633,11.782929509081782,-0.11885303788142305,5.104185790462726,-1.563859947386592,-0.4356244890999431,-0.530795763901809,1
-1100.8713332041323,-17.13173666255801,-1.2096685489998098,8.91514017807289,-6.1856736766568226,-0.6742383653466193,-0.41450445937010644,-0.6242489002181185,1
-1101.279493619247,-185.18611875216416,10.279705172229404,5.622792174845748,0.11564166617990462,-2.7180109274154547,-0.2783791417339924,-0.00582516530875011,1
3898.7060474222153,-197.38570320068132,17.739266181998865,7.454630811772127,6.692665333724605,-0.8025778744817128,-0.09782649063963242,-0.324636712581045,1
2898.7074363449433,-194.80282503726033,3.1818446859632115,-3.470351761767796,-1.2108089748755255,-2.6697589959254824,-0.580729286681635,0.6124470248368215,1
-541.2819850437536,-186.40966833512834,-10.001813612483287,5.435545914390211,-2.7070031459908233,2.406073312032623,-0.7086626357827984,0.719317910688889,1
-1065.22649170851,248.84413469463593,-1.8200725600241612,6.435131211988038,7.276842966722397,1.1546839307202703,-0.45870475440033565,-0.58549557713872,1
-386.86641672819286,396.18967108030694,-1.26774128777331,8.118569849068477,7.538748526018149,1.503259863985158,-0.35166733331016864,0.0677801628783862,1
-549.5530561145688,113.59998457741635,-7.619578373852038,5.597496036953479,-6.077214829959435,2.112100695508528,-0.6023379605832637,1.230627453121302,1
-600.6512903556728,73.76737775307387,-4.425080389593475,-2.306336567671652,2.7078055086460404,0.8818211236370854,1.2974919684251103,-0.28706440976615183,1
-801.2068210790829,-156.0132837003697,23.92332613928195,7.125511429219347,2.381291840234358,-7.265081413176375,-0.03319613791915526,-0.07914270669560668,1
-880.2803351136956,-185.68056990141628,2.4699651359785695,8.679648570670507,3.0812822320534328,0.5589247539693487,-0.2559205989426888,-0.7839573251682163,1
1181.7140530103425,-190.69091075307705,-2.222934851701751,12.305305265114736,-2.009617871731725,0.04858649440205228,-0.18906590689280214,-0.2491972654150999,1
-1000.6985758182738,54.725712613207136,-2.5831110110437354,-2.7829573620684536,1.4645357742155696,0.5012546065514188,-0.6351354469315973,0.03618683543151505,1
-1101.1090905735082,-115.19412048467682,8.69957673892519,7.627116539555479,-4.533667089428901,-3.2149321577582164,-0.3604664970372721,-0.704935543159194,1
-1086.2747338555337,-185.58409303934195,32.10805082766265,42.63576847968097,6.449480280203941,-12.01647784018071,2.752941997502724,-0.9015530091078773,1
-817.2802686197177,-185.9326088930786,21.669963600378843,2.6161952239808612,4.620712515607214,3.5383458794010805,-0.14220109273067033,-0.2385428812159387,1
135.82205557492145,266.8009537293473,12.182770773482208,12.917416772687389,14.710192793174018,6.484992880272355,1.739692240421593,1.3953670386488906,1
-800.5259900087626,125.1865479535883,1.3098307459813299,1.8052682348538203,0.23393500106015833,-3.4599789900010474,-0.4880905500178526,0.1297819599205602,1
-1100.7562073639278,30.897095430211465,9.114392653223682,-5.028877312664188,0.8954405054970134,-1.2279353576070624,-0.34648051950040437,-0.22255902153506882,1
-1101.0387999138027,-84.97980057882681,-9.4978666779336,-4.054103904177849,1.613087993902935,0.1926717380725968,-0.4782153319292975,-0.7120674423279466,1
-1100.0886998980136,305.98923368590215,-4.806545393623544,-1.885285909670144,0.8634598028704044,-0.18359906291633657,-0.5707225228758761,1.1771906847801332,1
-1100.6012934242588,94.9938554394324,-5.917136235654962,-2.709224495547959,0.9637960973390132,-1.0309306985612705,-0.6729981723870102,-0.37653954841328685,1
4699.673544807553,200.83076452926224,5.63324279019455,-4.435887779762952,0.43153205269711187,1.8145329502931948,-0.5281435312565297,-0.6199458861528728,1
-900.7010878399441,53.450436313252,2.452973521135472,-4.004418602722378,0.06034050311534878,1.685947064346385,-0.5672548440274895,-0.643939298216429,1
-1101.2809928497184,-185.0646903767609,1.1118750442164371,-3.2476278701809402,0.1330154858251697,-5.589528764964337,-0.4707324476313088,0.0020142360076990606,1
-800.8926043556719,-25.777080985589162,-8.483535390523688,3.168007672655298,-6.970752278328436,1.3348215283515137,1.4156960642385243,-0.610544092963846,1
-1101.2818711580533,-184.9659871169814,-11.017688376131076,-4.922780949936808,2.360291247846633,0.009114940357930793,-0.6620116099809462,-0.52307551652434,1
-1100.5035093269753,134.87865427587712,12.734691038040191,-5.113474909354644,1.487914469255316,-2.595727473444045,-0.41765080943197114,0.06592093626947469,1
-1099.5532746946924,525.8886206068859,7.038867321383928,1.3643939970456824,-2.6447000902420617,-3.2348233392428845,-0.2977517938141052,-0.0887815439460987,1
-1101.085764088579,-105.16332255349415,11.445921797624523,3.5413792872425547,7.113045321701566,-1.2617484070209253,-0.36177721586946304,0.14780905691870003,1
-1100.7931561113676,14.72776358293118,25.159573520423642,1.269116537973185,-4.492700700222335,4.829934302744236,-0.3271540626089884,-0.7032460333010669,1
-370.67384682319005,63.05624574747065,1.9815409343660932,12.214817992366594,-4.791997928585963,2.553311877765786,-0.3168552446893242,-0.6776539758361448,1
-701.0884345432949,-105.95835215734958,-9.777830077229773,-2.2238343423526574,2.86999855552095,-0.7703860192863922,1.101003473029441,1.008514915727567,1
-1101.2817633303694,-184.96202592785838,-13.33631337296657,-2.808869644300764,2.3140152201844195,-1.3189200737246958,-0.9061330934497649,0.9114434566583777,1
-1100.9895251484952,-65.03114976385828,-5.6450790575684335,-0.4463340533191026,-0.5115972297501256,-2.760608866210579,-0.6390220218441235,-0.47626021968175625,1
48899.83416269289,213.50277028711014,0.5096312099845646,-7.945154319614009,3.9162138262047588,-0.2942519712269702,-0.46927870471974953,-0.4866975878987407,1
-645.2820567260229,-186.20344540749107,2.99755370426172,2.0672877589108793,8.804657289155355,1.6007563778959701,-0.4596988058983887,0.5520246392187801,1
14007.305415573055,38.30331478333944,-7.539886255949546,-3.1461612631561517,4.381417332794994,0.6606182825240187,-0.6183571692857441,-0.5204528258238197,1
1852.9048323120146,-112.19142834654154,-12.774996199310353,5.302391685287367,1.7505726914240323,0.7717868851166702,-0.5183194915671657,-0.09239729183470763,1
-600.0285616725713,328.5582657177606,7.260761887277369,12.46075399133326,-17.350574807871624,4.287200973451046,-0.2954793479107943,-0.09304191407034772,1
-1100.260150849501,234.90885829203617,1.9468754362235863,0.9425753292334911,-4.2789392605188015,0.8494005556727238,-0.44009011695256867,-0.3810145666246731,0
-1100.5663896683318,108.90139640135983,4.546713710814047,0.22038210292768237,-1.3557249318650584,-10.070806995444686,-0.4092163604660152,-0.16540232514552408,0
-1098.8993174533675,794.8362619931456,13.357973919686376,4.581526126870343,-3.64754620594196,-10.111788633483343,-0.45032483388331146,0.8920771804223466,0
-1100.3090025445927,214.86448898025205,13.956803245861913,-3.291332628472953,1.260327155895787,-8.055636024323693,-0.44529200193044266,-0.6039087750755858,0
-1098.8915846746715,-25.15573254959624,12.25485104552862,-3.0950977541953413,-3.1149987642933605,1.7640364350344662,1.6830680946342815,-0.6488531832110261,0
-1100.892493724377,-24.99678533758961,-11.648234636429622,0.5211552992257329,-1.4628248610484527,0.6840005437809353,-0.7587582899656775,-0.3410559430585342,0
-1100.2043732642426,257.9057736342853,3.5238059894756377,-0.1513301192424551,-3.5204301388295804,2.280545965481461,-0.4822197262846385,-0.5651885172262383,0
-1100.893165006491,-24.954380995934486,-13.691989548821184,-2.826208529219656,1.45360145526577,-0.6359957895144744,1.212620953672936,0.8184530052717063,0
-1080.8443777127914,-5.0304410298866085,-10.68448884394029,-1.5604687972599471,1.6584137905912537,-1.9496826792488384,1.2659486512188467,-0.31182519293638916,0
-1100.940598617767,-45.024302830614275,-10.652291982583176,2.1448846879573944,-5.5054013594366555,1.4361246125292848,-0.49436879497520547,-0.7265876428330559,0
-1101.0503189588662,-91.25289980371763,17.59084607324841,3.411518551216308,-11.462262251808154,5.946420715345044,-0.2538425160875655,-0.15775771946664718,0
-1100.3873584568294,182.9756638866282,-3.570027491308598,-2.1202603775153825,0.3968161791061506,-0.9488886439673649,-0.6777207658017016,0.5496556526274906,0
-1100.581516084349,102.91616487689828,7.464928098339604,-5.690641377802548,1.5505917023767661,1.5848892221046629,-0.5399108111041763,-0.7056734266552396,0
-1100.5521085451808,114.92415928054012,2.869569680217402,-2.2057730852776887,-0.9061574255768089,-1.0163577021729089,-0.6110075165624602,0.6536081979672844,0
-1100.795710045553,14.99509305475489,-5.4680504175427815,-3.9376293864607232,1.4587732989984372,0.22136151841249543,-0.6023356270565616,-0.5381579399355269,0
-1100.6005061552673,94.90215995912455,5.774158169434651,-2.042479655090264,-1.2119664563280186,-2.6689064746456186,-0.376760814444199,-0.4574424485739261,0
-1099.026567038754,742.9025494859709,9.1178046125687,-1.218276962208182,0.11886378378211414,1.0200247510208038,-0.499542655477334,-0.5792739395160695,0
-1100.8246583317223,2.988542234018875,-6.510953035926569,-1.9843349357255384,0.21061085677345523,-3.0460544001555103,1.379692091629563,-0.36184356890992947,0
-1100.6978345298462,54.927267353724446,1.9005819617856987,-2.371792576230824,-1.5226253409881483,0.9848561479716214,-0.5159016763439526,-0.5752070146646845,0
-1074.037982097842,-85.20151329750003,15.188024981154713,-7.81326204036332,1.336295902078347,2.727066355784221,-0.5018973295026448,1.0228621611588562,0
-1101.0068809786226,-73.29732507857199,30.27919141625245,-2.0688773161512155,-7.2085163720203225,1.0046997313242654,1.8131752632343974,-0.09199842389154023,0
-1100.9881918838385,-65.1194306184154,-0.4517233602675947,3.8792936242222926,-9.749480214914426,3.0477439195657525,-0.37649132680582803,-0.8012327543675158,0
-1101.2804820582496,-185.13027386379943,9.686010743640246,-3.26045468485044,-1.302700375994914,-5.481689183255034,1.5182763905869021,-0.40922571597744734,0
-1000.7949266555752,14.579793775423614,20.357966176911095,-5.652293751373873,1.1691458910636847,-6.097554987521616,1.6707267611779355,0.05958379688969087,0
-876.2821626610423,-185.5577152165377,-5.242869299402045,-4.687752046927052,1.2792046811544266,-0.6214248517834186,1.4200737003854091,-0.5663816744023272,0
-1100.865776570372,-14.029907574480422,-4.061368158149519,-2.5650201610560566,-0.7019161595503683,0.793176788483104,-0.6129118332908204,0.9986381219047409,0
-1099.8444602875961,-4.980366017767219,-9.84543286356904,-3.447158291071699,1.4441530230602082,0.16480144502712551,1.3251594264746889,-0.37464523086890783,0
-1100.5039810322369,134.95906813463841,0.39380551958261134,-4.071635320460951,1.3621215393228292,0.32513633124869945,-0.46170375718353285,-0.44016542020534055,0
-1100.6293513966616,82.95063076543856,-8.292011364921795,4.13542214553036,-6.78877189064224,-0.8391397341556102,1.2816549078829387,0.8801304173487872,0
-600.8771589797929,-19.236651261814846,-4.201415886371918,-2.5339995408248934,2.5968255398608013,0.2535216377656697,-0.8206307221503405,0.8834913863839854,0
-700.883917235288,-22.042815625037445,4.38249815248897,-5.344204568242695,0.8601461539407218,1.485246015525537,1.5302515324552162,-0.22082113937154438,0
-1101.0850714319072,-105.15311575151634,3.552200002143416,4.387157104485294,-10.408374097768174,0.16715331665039007,1.6314803649354253,-0.6653373102770501,0
-1063.2814111330342,-185.0710555835203,-14.688513374661166,0.4512561309036547,-0.2637441283290493,0.5554047678503699,-0.7660407546034048,-0.37556230414064024,0
-1095.9886673901522,-65.08182700771673,-6.666199417704029,4.781364898112568,-5.865553800684167,0.5611737823298919,-0.5438720115829074,-0.6217124954523308,0
-1101.0987803311573,-110.0408002784003,-4.573157363649407,-0.009334659484972543,0.4049049801648537,-3.9631217606217977,1.4060277442365996,0.19996197669947502,0
-970.9090044341973,-33.65396993749729,24.715671684576737,14.789808595889617,3.2628970050960273,9.426794166631844,0.06913864717743524,-0.4759294255100437,0
-1100.601218788473,94.97856488808281,-3.3655530985538,-3.393260274166297,0.8835606415098742,0.4658312884196747,-0.5806252691944803,-0.6649724210534204,0
-1100.9888455143134,-65.06011092019263,-6.710532021047621,3.1612394427100097,-6.429468569757148,-2.1105221338020876,1.370787673761781,0.7582850322496655,0
-1100.8531866136325,-9.113622032801656,9.156555453489583,-3.192022877446758,0.3669925021593015,-7.50199481839064,1.5551195563740412,0.20921505818150607,0
-1095.9414464344036,-44.99012693847445,-12.694373304252984,0.8660332043691841,4.606786070312285,0.17942533878033914,-0.678648201209584,0.6068274581081586,0
-1100.4816297543728,143.94173799112357,-1.669623828646518,1.229108851509276,0.8941750860142492,-1.4027166129675457,-0.5999271807616156,-0.545531343962284,0
-953.844609455249,-5.359709930413045,-7.973200396201111,-1.1300596620924612,3.086470865518542,0.6215212034271664,1.3306302923472262,1.4209511785208873,0
-1100.6485871670952,74.93330678107291,-6.40824945944138,4.164279950250296,-7.868503491456962,1.6198157604345824,-0.5186910924232677,-0.731385101301606,0
-1100.7661440187828,26.941475198267252,1.3954970502021078,-2.5059174930523995,3.3646018829647417,0.8980103286132255,-0.6311579496124762,1.0517162024012907,0
-890.9420670829638,-45.48963081435768,-11.888298989793975,-0.377152685207281,2.966765211247165,-0.6502908873464301,1.3961725853372968,0.0736206075205627,0
-1100.7955726217144,14.992772075603698,-6.904923619592988,-1.6038767397410596,2.3435130346975144,-0.23209053613441044,-0.8369695184863682,0.9303368161504314,0
-1095.5510176355651,114.82723571657789,8.33620569550364,6.569102249749492,0.8497427612150668,-7.025918030292338,-0.38520850207615703,0.19617288396644053,0
10100.68760868776,-212.456364648993,19.96111171346548,5.187736200907567,7.976928086840686,0.4909863840817392,-0.12331359967219924,-0.6792205595565132,1
231.59147628099817,171.4797896301667,28.594256828032616,3.2102849059319336,0.4078348338177119,-7.767245279197834,-0.243610508844126,-0.5339220373882627,1
-1051.0864132084805,-105.14589719915655,-11.633720655252011,3.0829578607114403,-5.173086246703519,1.5150749898369518,-0.6783362012825185,1.1935624009683015,1
-800.7954838171609,14.151594171419035,7.554073815486047,-2.06637105804365,-1.9604471062053237,2.9115854161787653,-0.6330665575284269,-0.366037212061558,1
-842.9372551007264,-45.951770968969896,0.601476350590821,52.85104608684302,35.06402543870409,14.019454022023949,0.8213087767721199,-1.1740798075127061,1
-533.9897575887242,-66.485452295104,-5.990758573522163,12.274035723335983,0.13632192316642977,3.2576067231630366,-0.4321454402259348,0.5288325540755322,1
-1101.28007958616,-185.15954657995485,11.503667711970607,-0.4678522469890864,-0.6174414099327136,-3.4151160431760523,-0.6279851515737941,0.8171404770225205,1
-1100.9887490487538,-65.06531098749274,-7.335798451753341,6.9195608615891455,-1.7300459508689623,-5.505657050865342,-0.6672527478646907,0.8267197611255839,1
-101.28336452658183,-187.53312480632437,2.5238392638557574,2.214859620890732,2.4986724410006214,-4.1356816886615215,-0.40943984980124537,0.030364033106845843,1
1409.708681876115,218.70443153819048,17.58363891718968,4.067903067133904,7.638345983200066,2.752157148998517,-0.23251451311498536,-0.276703744013133,1
-292.0395566845436,-87.03318483271748,-8.636505084710263,8.09450123545358,-1.8537237720085704,0.8685671993539584,-0.5489605134093287,-0.4903989072693647,1
-490.6168731841325,87.43082106363009,2.998891291583031,-0.4221382158405305,-0.0760853898059816,-0.7790621136583875,-0.5117652584422179,-0.09643768884516174,1
-1100.6009435269357,94.96516260461202,-3.4150290007037385,-1.8393906783987404,-0.9242994716954427,0.5276389447902455,-0.6882338082940108,0.4833249063741555,1
-1101.2794493829285,-185.296883466701,35.06241847020556,-5.336587236713516,-0.6988658606570451,-7.316984278186144,-0.29764879439021913,-0.17027666693835808,1
-951.0391002203886,-85.33851959395162,-12.440940794703042,-1.4702044332419744,1.3279037439821204,-1.755345643044728,-0.6525551958990627,-0.555351777543954,1
49999.48016548478,65.68940412279812,14.197193570270926,-2.437502422018789,2.6461136468931534,-1.8893594714904787,-0.2472033217989471,0.9749806345948672,1
-734.2815621580525,-185.9952235232727,3.226491186809485,0.8781869329751232,2.5409307287222482,0.8358180473313309,-0.3787309616277287,-0.3318640814070894,1
-100.29175682895232,220.4374236300869,3.639301862950407,9.332543887618707,4.980526551899169,-0.9694006779812286,-0.3467656416221769,0.143793733892985,1
-1100.4297447521114,164.81210847224344,17.849647248555037,-1.7778093556081969,-3.152784102401795,-2.15061277741062,-0.4016856072476337,0.13388919391453566,1
-100.79812333260587,12.478738755056742,7.17767264328302,-4.0352595471419175,3.7141678099348776,1.8812357779539686,1.3949498293182083,-0.3278771194922572,1
-1100.785121071759,18.912865796980505,2.0840778473186767,1.6574913543643113,3.727545403579478,-1.337885680449172,-0.5056342650963127,-0.5333212720884135,1
-501.18509932305676,-146.4844011195937,-13.26578514614897,6.572999280478121,-1.263429669193633,0.9106183676070486,-0.6620613589653134,0.5255209784177379,1
3898.705275022637,-197.2326827304015,-5.479633388445613,4.668824012358812,-6.4411918374600114,-1.771225911918918,-0.6318942785303908,1.3219296346567473,1
-1100.8408741007397,-4.082870495495576,-0.42143046837991566,3.908274257696639,4.908151001632725,2.6340884631665626,-0.5051407029564356,1.205697261793035,1
-854.278835135309,-185.92488011626298,24.79524262270987,10.175511032381769,0.07869728591062025,8.67341292233354,-0.07020256030756417,0.8971513147295161,1
-726.0388760052713,-86.03688707602784,10.177740977456317,-1.2308918889483698,7.314072198589287,1.7777710183465156,1.5568419107999325,0.17462046073484694,1
-823.0869303732678,-105.71646843687049,-9.828741636127255,3.5546479872229737,-5.65506161102903,0.19869546752324335,-0.6365982626652678,-0.6276230802717501,1
-273.3139089013308,211.92664252806392,-2.4744299926933295,5.584619984393714,5.970216148380778,-2.258346920730454,-0.4140800545291165,0.11990728446661736,1
971.101750836715,-30.107803668236492,0.6801462905019681,0.7676390907109227,4.152504689284232,-0.08344531912669476,-0.4661694882999105,0.0649805690498386,1
-519.2831926115724,-186.40505591462974,-10.222894019706976,-1.301404807341139,3.150697422187971,-1.3904616362613855,-0.7387817984560794,-0.37124043961315734,1
1198.7136914801067,-190.7709147136593,8.844324268133182,8.67189957386211,5.77725399878128,-2.1617616608332697,1.607801515522862,1.42587507398785,1
1963.7105361400465,-192.52846028823404,-2.1565328015151954,3.5189782914608587,2.0836386274513816,-0.7093181762991894,-0.4507234513952389,0.8449572927906603,1
1098.7152157415496,-190.64547787354886,21.553033129666762,10.50392963866014,0.24125618462246978,2.661025117172719,-0.12747793227284437,0.3805804591377117,1
-1094.2113868133204,254.8099826444083,16.408647892469823,2.2933375504796096,8.349642025113827,4.184735501206525,-0.3846933856244887,1.2564041588781993,1
500.7165326118064,-189.19235427582043,26.294811866260016,6.269801951132213,4.1473736097253235,3.7564988316671752,-0.2943750361561147,0.6742162316327985,1
-1101.0539325071354,-92.1502639298008,5.9636603345011725,7.067476768190071,4.951640723174666,0.6581699254219933,-0.2736725481034699,-0.14288856580146306,1
1082.8583625765946,-130.33201837982057,-9.327561925255512,5.096430312349976,7.442198088644873,1.5346943569416565,-0.4204001753081039,-0.7104144450653204,1
-1101.2810932374425,-185.05453910507967,-0.44938106918023246,-2.095067680745711,3.2256324876368008,-3.5598657437053345,-0.5417167830966633,0.06212966651046348,1
-1101.2799582521527,-185.07112929488113,-10.237438975092035,10.419004519620646,0.4777583788584481,3.9965133377684787,1.523483197963548,1.0384986095341302,1
-1101.1111488867386,-115.02938997174817,-4.570638824643098,-2.221281472009528,0.5542581670859198,-1.124187716683242,1.2653278956194636,1.468209948265385,1
2274.712113581092,-193.58666470564458,36.321336564397875,6.3758341002277845,0.5825102492697815,9.347988662744646,-0.07826518897484806,0.7587339045455511,1
-1100.8414850063532,-4.031930814773574,-4.034617793422766,-0.9482589597011472,1.7224806973350646,-2.702838914679956,-0.5626569474992453,0.05730864838025066,1
899.3929485811266,90.09331403011241,1.6624945864853546,-4.548260088503306,2.5995955543677924,1.3353153674902514,1.3619100921222056,-0.052527220839973264,1
6443.036578909642,-63.35018681622081,-5.3807035824695095,-1.3666027035835466,3.583809124182875,0.5996844661001829,-0.5350884054099396,0.0869034347696691,1
-1086.2808689421583,-185.15111855344,10.045550218752402,-5.3431409269507775,2.4059832162888686,0.9796024297910428,-0.5652387016631479,-0.5949931620763896,1
-1080.3218154053834,209.9368591479725,-5.827636989644705,-0.6705289039620962,0.8074103926895768,-0.6557767386919354,-0.6599457419595056,-0.39428752011353313,1
-1100.3264962820842,207.95068873756378,0.6304699602562537,-3.0137213689404243,0.2170620023928855,1.3130817622039195,1.4539539817297722,0.1476598387709201,1
9459.741270335626,-189.96268305344068,28.174130530618378,0.07519910455369794,-9.3185492593139,-4.450560882298556,-0.34282989536032665,0.6503252484649727,1
-264.2121020508142,-158.17241315282354,7.684744789058223,-1.390950083544973,-5.1403088131723385,1.694745364984771,-0.5558502142571687,1.2662267538349963,1
-701.1362415206088,-125.97803957818005,-13.307635159026619,2.0102172375180154,-5.149954329766736,0.40422501984143394,-0.6464234216726918,-0.5117459279503892,1
10076.754476271297,227.81041706099418,0.39871232855459127,-4.917479499829208,1.7618759921616,1.1035440123025897,-0.6276743978383912,0.7509875663845946,1
-462.0349097518629,-84.64080837411454,4.401085070634895,-2.598484537806388,-0.24117338789831685,-6.8004182076670885,-0.508455748668718,0.15684722779408275,1
-1100.2340443991607,245.91710662604498,6.4035953495704,-3.793334431685596,0.6734830416613856,0.36860613500170647,1.5370422263918004,-0.47897647637514634,1
-1100.3825055412601,184.98798313696133,-6.235180069511213,-1.4586950961727954,-0.4414393606202014,0.6681425940918317,1.2838350182063367,0.828780359930704,1
-1101.280953649722,-185.10320461331736,8.730774107221867,-4.496180558737469,2.4827488307387973,-12.713457087671094,-0.35895414947092424,-0.21184783053160777,1
926.7731404598435,-166.18237440044695,23.514725175109408,-1.1709225009416893,-6.816528676680818,-2.5922443731728224,-0.21791577484888308,-0.1549833132235381,1
-1101.2792205528797,-185.2271003902518,17.599088543241724,0.7713089034736246,-7.828604042583565,-3.4043251914168953,-0.3407467390548264,1.0668258383594569,1
-1101.0376335043168,-85.03601790609332,-9.565317368873023,2.429900155228909,-5.996953814635844,0.5691987539974351,-0.5636275041245663,0.06622448279365231,1
-35.652993331156814,72.4021440903539,-5.2970341128092215,-3.187845807781036,0.7147760254691259,0.43729241301769156,1.3405800211613412,-0.48933891238443145,1
-1101.2316686792853,-165.0608154534626,-7.445045852606905,3.1222582077491308,-7.3361614357395855,-0.5247628024880095,-0.4990191493762465,-0.8232491776976306,1
-950.8924039730259,-25.412749137744868,-5.987039842141538,1.0944534470283556,-4.66809009232918,0.5793295968377498,-0.6191554774132881,0.6351219554285208,1
-561.136486921405,-126.32765853312708,-13.805146085220768,5.043404490575627,-2.39179026387947,0.8863873737690134,-0.7630001986719289,0.8023443481172313,1
-943.1348748680762,-125.4432047308282,-11.060345751842105,11.698168794051224,4.793152008235446,2.0187354525548113,-0.375080691002807,-0.6330655539512606,1
13898.675947040343,-221.64714464073072,15.973306634838737,7.515736760647607,16.033785378058226,-8.488611876773604,0.045607850429492676,-0.34107809901089226,1
-1101.0870372560612,-104.98935737276285,-11.62019590868268,0.3797648254408899,2.9014681307304455,0.6547974945123856,-0.6988057868006294,0.9425509532262153,1
-1095.038465321156,-85.00162704455374,-12.137855838119393,0.20405941224276616,1.708216772613545,0.869537920119359,-0.8393845077707229,0.8775237607954897,1
1898.7131379926375,-192.61507947597465,25.413437118954914,7.2321028996396866,-7.5650295863474195,2.468287691179774,-0.20163705574026924,0.3880025283493713,1
2156.02301438719,-63.94504322798629,-9.452427390891339,4.810863722499084,2.3318045133431204,-0.11517851819433426,-0.6919994313645732,0.8304150414762829,1
554.1556075259888,-8.25935003531817,18.64036550226706,6.386578695708512,1.4987436494526694,-6.43094174515006,-0.12740893272788276,-0.08666567368793696,1
-601.281906244272,-186.3327128024075,6.6712999669712225,-2.3275956215439053,-1.7491045976000557,-0.47904398295816253,-0.49725110904664943,-0.182787653597591,1
1963.710689336692,-192.58178954241245,7.699803445550166,1.125420129449441,3.38575834699771,-1.0124799931267425,-0.3590305929604336,-0.6656286455901036,1
329.44344956458013,111.4826309112555,-2.645303873465537,0.7142283080268013,4.21988975556128,-0.5351331273898858,-0.5958217797852299,0.6366480618566073,1
-1101.2808563846845,-185.06587549655467,-0.4177331624414674,-1.9041554885039476,0.20607479903584613,0.5820533904961175,-0.7196464093635423,1.3942326167562598,1
-1101.2806163260532,-185.025701224458,-11.390271013083375,2.4312038949549732,-5.792315933842543,-1.198096465121191,-0.4816003987349012,-0.7749394243763685,1
-1100.3092349778808,214.88990169552747,11.006721311501362,-4.381824077495251,1.4942978166342542,-2.911288306199653,-0.42942818813045,0.12346669711389736,1
-500.043718618181,323.4290949521234,11.234713623673256,-3.9204088260121726,0.7265271688775832,-0.19898033729173334,-0.47752493984391337,-0.4149382846510436,1
-1101.0869296815165,-105.0057429124407,-9.795865702463415,1.7580137843154302,4.751540180620963,-1.4667534435885292,1.3378685726895743,-0.43018511013836813,1
-1100.8066575175105,9.888522300509843,3.6976430937839138,3.941282385109483,3.3545760106317126,-4.974062408698543,1.574648131881093,-0.015965343491804222,1
-1093.9307810150995,-41.085561250706114,-3.5036609539061296,4.393818999398237,3.3167348944795987,1.5228881965190455,1.5837630875713322,-0.22734883362133898,1
-1100.3576409658651,194.91798837184166,2.5274889899474795,0.5533419378817483,1.0875592066111823,-0.7597766758285042,1.4111453534283214,-0.29679174343187614,1
-311.28150756822345,-187.15771178487796,17.435802458878356,7.896723244836279,4.394941158195197,-9.033719221911703,-0.16479832313070242,-0.07645177521355226,1
-540.3839358942205,183.6013340118011,-3.3335500622067022,0.4084783754165554,1.9448109447869975,-0.3369467104470608,1.3618632621870406,-0.32199175226850013,1
-705.1355936024567,-126.02450856085952,-9.274712862439317,8.246685050144796,0.24245835763754633,3.445588488769393,-0.4587178062772562,-0.596513026343882,1
-423.2837014024462,-186.62782233250294,-9.860499346622953,-3.790857797137177,2.668517586526945,-0.7566168638703631,-0.8370769107858548,1.4530706620274914,1
-801.2820137802324,-185.81410257761658,7.171469504480668,-6.927999436856797,1.836851549387742,-0.27574240722665017,-0.5678254753588965,0.9943531102707935,1
-500.8445634071879,-6.086779936796069,-6.971792249038748,2.455877011804207,3.7127496071713324,-0.2194122914376948,-0.5032226193316433,-0.5995597866425744,1
-1101.1615408023204,-136.02705522091586,-11.72351498761449,3.662669081741692,-4.405153783380217,1.3442654040558955,-0.7837871209554831,0.7660366220435213,1
85.83681830367321,-137.9477433121748,2.4727689731509566,-4.967768569511376,1.5277124522395618,1.7566527930618037,1.3023076278716323,-0.43735706227781423,1
5488.7011864768865,-201.17547820636486,4.364916644954022,8.668134622433477,-1.3317802769411602,-8.802499142066537,-0.4155154178320903,1.346234556845462,1
-1100.680441679476,61.63022326557939,38.22611183982089,-11.720194387857408,2.4772492786353917,4.623848603826888,0.28311173806696044,0.7277843930303086,1
-932.3548871055624,195.48172017005461,-0.6225259284407948,7.881994313271391,-1.8420072631407418,-1.9597687441544849,-0.46372788631903905,0.19247834759436586,1
169.07999013381541,-38.1810039658243,3.276059778595892,1.5459987096370895,4.7752532082571,-1.3283970863659385,-0.4603169334876708,-0.5152355515128308,1
109.00086776723028,-71.10894407682393,8.64605648292073,8.804283702997216,9.26983918830194,-0.8980016755624135,-0.12108091528036094,-0.3626352266889091,1
-1100.3101947714235,213.80799435547385,10.999133490169918,11.04110235866309,5.9804884914879395,-4.25046274265065,-0.1654372119917216,0.022689971469136087,1
-1101.0379585929406,-85.02865282931995,-7.814241790025993,0.7253343764052286,-3.029076948433138,-3.94618390251942,1.4053852516793668,-0.6267024182472453,1
-101.28071143145871,-187.79854353575277,30.432761028775264,12.795052593957175,1.1670661483873705,-8.622635718310194,0.15589890821634045,-0.15388878882471,1
-359.14606992502144,-130.8831545408931,-8.242776457932893,9.785610739711172,-0.8748906082417967,0.40600549604419384,-0.4209983191423839,-0.6026292395590164,1
-1100.7685888183248,25.97189769037338,-5.045448036986904,-0.6342573834943824,0.4565070753430354,-3.8757713735251675,1.3144031919319539,-0.2684614366584024,1
-1100.7217495518078,44.84401167888685,15.949855702566202,-4.874447432810711,-0.5440766689109432,-0.3120595863702924,-0.4369489749084158,-0.6681631385889587,1
-1100.5027005478291,134.84056362604431,11.057329643951547,3.993906232215414,3.8226992181974873,-2.6691435563791828,-0.3266524441432075,0.09059127659121445,1
7749.694711749133,-206.75847911899504,22.8208459473546,0.23384027910917735,-2.324363479941198,1.0322546994017183,-0.16557785426270466,-0.1108731029266352,1
-1101.2792831524441,-185.24689711559827,21.740799544137218,1.4396510430454217,-1.4943401429970957,-2.901487767332595,-0.32597629933995936,-0.5664528597847068,1
-601.087771872353,-106.23370052794859,-13.211410014134426,5.005359458520869,-2.429908527964405,1.1183581367942896,1.3393682773358784,0.6429933228466357,1
-1100.9002718663348,-29.230086395343292,18.355693552932955,1.8231159476744152,-5.37013702158266,3.0980889796026436,-0.46627019100480926,0.5972917891734022,1
-1101.2249295852132,-163.35428189753281,34.99515874896582,4.603285193565977,-1.274922724170916,-12.178592273009327,-0.08646796273072427,-0.22074823231080398,1
-1101.2809491271776,-184.990904280915,-15.4327065211867,1.7819826305499797,-4.69043412766507,-0.19875833710774934,-0.6777612545879846,0.5736453971553375,1
-1101.0379007928746,-85.00477429469561,-13.60404557637419,2.194940917173628,-5.304129504147276,1.3241956897856595,-0.6660261950621281,0.6109072557796978,1
-1100.7267720305742,42.900292014099364,5.479332266972615,-2.6715989332026573,-2.2044983993074734,2.3398855958955918,-0.6633811345627881,0.7639778336699085,1
-1100.8926238956224,-24.999551199642944,-9.355297623929676,-1.506879148488621,-1.0954654194244557,0.5957869697875254,-0.4909149256639031,-0.36129344461452556,1
-1101.0869908027457,-104.97456669678382,-14.832417449198447,-0.15394577522480676,-2.151379044358977,0.14191201843164494,-0.6109474209958533,-0.5964663201942435,1
-1100.8823678983251,-21.027247063367973,-9.373728838725595,1.8060234883720412,-4.597778573162538,-0.758303031931502,1.4203622876139914,0.7374102937057073,1
-1101.087397068942,-104.96258523697747,-13.384440501030145,-1.6419866479816914,3.1099862868428865,-1.6733610330449467,-0.7895414745800524,-0.3331934074629787,1
-1101.0376084507068,-85.03416741431741,-10.18851073999852,2.6627040562503135,-6.370033243540838,1.271870409010008,-0.5427715464585019,-0.6183449259420761,1
5957.698101515776,-202.17053929009347,-8.407165581523538,1.2997077772475063,4.609656865247351,1.5040654076744107,-0.5431492484066655,-0.5491801868518152,1
603.9756803826922,329.6717622042964,18.664139181037942,0.47173576046951626,0.476466292035533,-9.914319588508816,-0.5026130044599039,0.9042043332426137,1
-243.66882018814232,65.84359207009079,2.0389858417438544,-0.14678870059247043,3.151218001998575,-2.1640498273950404,-0.4893186154731773,0.10974086980883514,1
-600.0981547712627,300.67229879460865,-1.0304236369111475,6.85274586842832,-9.32160605598743,-2.4552901783095558,-0.43937869509360034,-0.6661529107197017,1
5598.702835545378,-201.64897953914215,27.82524956609183,12.932786778707666,-4.706121811028463,-0.4008044249890929,-0.02595011214985905,0.8142740111797035,1
1402.2457253524688,28.924528502649196,-11.116931630863915,1.8403077961159566,3.7364945508502867,-0.758639160212798,-0.7813311930348482,0.906588268037786,1
-1101.2817447252203,-184.9851041318164,-8.043902035735552,-5.304225723204257,2.2011274214824845,0.3796866590429376,-0.5857549473890492,-0.2244106955443554,1
8698.884410382449,-128.8113145809472,-11.893611562108365,0.25721774403202724,-2.3755565248632515,-0.04136397307585108,-0.6254261820806252,-0.5285707320355657,1
-1101.2806013307452,-185.12146211387866,9.314574527036275,-4.416559854316493,-0.972140249619975,-1.7730758919541543,-0.5516575236049172,-0.5719628829516846,1
-904.0169159636326,334.35068539797896,9.356285388835639,6.825136694434698,-2.595825714933737,2.1830608819515396,-0.3763785668373026,-0.47794873069797655,1
-1101.1835346786818,-145.01852965728236,-12.054406716806893,2.3448403158787,-5.5080177742865395,-0.8467565369835934,1.4600431196331685,-0.7427681440080792,1
-1086.9863643252415,-65.32869148202768,17.495786143156295,9.377953133336552,-14.97254521380735,5.55374893549807,-0.29384773615203447,-0.8193557211529873,1
-1101.110782228537,-115.05172192560674,-3.542754403518639,0.22060487894524955,-1.6910971020756729,-9.153483691524716,-0.5336668266893247,-0.6080167422528998,1
25625.03976827469,-85.42217679475361,-14.418308251083792,2.3227743753679873,0.9783008217302354,-0.89761702955659,-0.6701571753694004,0.7987693188145586,1
-800.9909538686417,-65.69549470907106,-14.167993026161447,-0.38771993079789663,1.7766293434590845,-0.974619372376994,-0.7013812101713726,-0.4349764796079915,1
16926.102875169625,-48.83950697198289,-0.5015636912996299,-4.76177146053192,1.5123796513884507,-0.43685760864086054,1.5014253910954332,0.04123839449211637,1
898.928108524278,-102.04142904908565,13.659926562407163,0.8640432894117442,-3.4191005671987917,-9.806084074564163,-0.3785119772086572,0.07307434206348798,1
-1002.0872621542593,-105.23396122900249,-12.71636466828214,4.503384439945106,8.973281187322984,1.6681494630336837,-0.6547797356716831,1.3803303239237141,1
-657.1040301129253,-113.15241598844045,-7.120376630207722,5.572631298712731,-6.333935019219299,-1.7746494495501286,-0.4799607108068922,0.27512553407408447,1
-1100.9862712256772,-64.05630979134509,-9.72024595063114,7.216589211365149,-2.58229756183091,2.770992383181746,-0.5110968945605486,-0.5651434188949196,1
98.71873202099151,-188.19697089585657,11.516658160739537,17.899918282182767,-7.067855702917746,-11.903967619234685,-0.04326738989849748,-0.316518508746923,1
-1100.1382694527676,284.83714785797747,12.016985351291352,3.4951614314568604,1.480289250019282,-0.8782636186127107,-0.4272647310034388,0.20346402675063718,1
1898.7110076085905,-192.33233364695184,-14.116673694533855,10.6600409963267,0.9832970037678431,2.5712060094821365,-0.4692228295386195,1.1417334707620173,1
-1101.0375016412474,-85.0452755759985,-9.016799305488094,3.2975065586110204,-5.801069968592897,1.7638079808203404,-0.5573945088841015,0.019424005515410982,1
909.635908535287,190.06194265995902,2.6779054597614897,-4.405786900711777,1.2727588567267722,1.1874566485375055,-0.43533488056707637,-0.5815377412010061,0
-1087.5033098608437,134.95076249180835,-12.471055330317924,4.278851785129074,-6.374724127469525,0.5097418354056616,-0.338002296160724,-0.21585861671125833,0
-1100.9501744428119,-49.02581620987891,-11.802671010728005,3.5466337666572545,-6.5471142069411785,-0.1642332078155924,-0.3780237167291824,-0.8355468922097553,0
-1100.9320858800486,-40.95471007456195,-13.051554793168123,-3.451799291468636,1.9604674420169481,-0.5623622157916338,-0.5696766658653307,-0.6067156025421828,0
-100.79783260165443,12.550600179565054,-11.084625516932997,2.3006469292842047,-5.44802943192988,1.6104913809504207,-0.5457151808389408,0.5666954193016364,0
-1100.9609092936957,-52.991793864469734,-8.612732958748037,-3.329980344737975,0.7072810766374062,0.46666499073796824,1.4049861123442722,0.6363766816340811,0
-1100.5716770117408,106.93711016286126,1.4434371782866047,-2.054005745837445,-0.05343077915516014,-4.039976800812446,-0.3743444867920576,-0.06444889797237233,0
-1101.2809692637748,-185.14096334824134,17.408247905605116,-9.93413978230787,2.751530995755437,2.7600908515265425,1.6004140208900093,1.23450237525637,0
-981.2812728677478,-185.4170124945278,13.667584432510786,-8.343435059891565,1.670051358088441,2.283964554413134,-0.4359352754417062,0.9306192843585194,0
-1068.9066356806989,-31.09974611432987,-11.587454188640669,2.764812615267133,-6.160947697559125,1.7107937345693636,1.4682010512281283,1.205267430080268,0
-1100.928620554396,-40.14317457862191,17.136072808625986,-8.433839819209393,1.9519454866909882,2.7921341204194454,-0.2553096089004778,-0.09736613385070035,0
-378.9440442913384,-46.689955727592825,-16.065544469081207,-3.1535852317830857,1.9118274871279342,-0.38514129297169164,1.4387361097384301,-0.5633596358023588,0
-1101.0389171695342,-84.94908973627466,-14.955908547126977,-2.843795315590531,1.0999076706388902,-0.06416850027266027,1.439341768251623,-0.1342323503582401,0
-1100.619967278071,86.92747561610207,0.3369309425148533,-0.9015763938296153,-2.795263810288213,0.9055721285778096,-0.5143467188743718,0.5708345417772998,0
-1100.6488009771108,74.7916397116962,26.820944840082536,-8.601232974969463,1.1006718156825712,3.626801979639075,-0.4790869888353845,-0.4331773861511863,1
-1060.7961818883189,14.95672699102891,-14.628357551165717,-2.735359700182737,1.6754831557070986,-0.4160835828888659,-0.5967614556377879,-0.09331394075710103,1
-1100.4611355659179,152.53092372287574,5.5192598010659415,-5.402412225376975,1.7790490713036908,1.5938948522104543,0.1643861891445697,-0.5164819751698845,1
-1100.60093464168,94.94748317341603,0.3705434734974889,-3.027859039181677,-0.09888938378903903,0.2951924272653527,-0.3854878386529338,-0.7328706949916689,0
-1100.9410812229858,-44.98404602120623,-14.361816628037797,0.7973062347465902,-3.255582412353657,0.8412126970963881,1.4458685632455608,-0.5825899997543471,0
-1100.8914477420383,-25.127932970072095,5.921906883126029,-0.43869471064141685,-5.617609146669433,3.1527900368671706,1.6195159809988386,-0.5988225347605354,0
-1100.4551727883845,154.95321049890327,-0.6885046711877817,-2.1499932231586563,-0.27439913000959837,-0.8218230062195604,-0.4023312667096778,-0.18284368322895764,0
-1100.9897649877298,-64.9806815812067,-14.037118316090599,0.11005443827286263,-2.4074051394541165,0.22535910473490586,-0.5207967274065584,-0.6719927472582451,0
-617.0884067914737,-106.15554864448326,-13.832643634213625,-0.5152083453541418,-2.061126946875229,0.4432085218114014,-0.5569594575375548,1.1387058719850536,0
-1100.4547336880753,154.9844840994483,-12.491948359804862,4.012315169381056,-6.233843562948719,1.3837136777781893,1.3841369283417364,1.3935662838829457,0
-1100.823925533319,2.7318648734655624,-6.9533753942871925,4.0540511315422005,-8.483806504186292,2.6506724932332704,1.6859974389752377,-0.07385752041246217,0
-1100.7960408746567,15.0607901994748,-16.28823063923862,-2.0514987997933867,1.1470295578024499,-0.3671214215828115,-0.6842734922108072,-0.7038885384215403,0
-896.6021139018557,94.53102893405352,-10.897092221988723,-2.395949268354264,1.0008164332017555,-0.029259191163603437,1.5338868612972458,-0.0011131745185364464,0
-1099.698649743123,55.01168392644731,-8.514712366329364,-3.280117716986239,1.347446790051606,0.2621886651563723,1.478800409157077,0.11778158859781347,0
-1101.0871404552913,-104.96459482749671,-15.382217777737608,-0.8174922807046574,-1.3553341663554201,0.17485965074244209,-0.48229106358406426,-0.8939358363355625,0
-1003.0197509412661,-77.18162421696952,-16.555306387715007,-1.6003735321069514,1.7027595219432294,-0.23079020955152357,-0.823363440812654,0.8466784878416138,0
4450.703298355807,-198.53614267449237,-9.848725099707607,3.4982832224523297,-5.735769618285961,2.4543255038176937,-0.4091763968987967,-0.8047387489760123,0
-1099.9892334577894,-65.00729205584913,-14.519334977426436,3.5829070580205493,-5.061035219730359,1.3846724252264382,-0.5319016056337351,-0.14698518931838556,0
-995.7957490415016,14.7156063226984,-3.3634464539940336,-2.3711849288010347,2.113059819873898,1.4243778350033105,-0.5158923403406056,1.180293930186383,0
1702.5362713307418,148.1639653198441,-2.3815399860898734,-3.151749228420189,2.050970293779852,0.8580786264129248,-0.5828776674978857,-0.5631714312560234,0
-1099.7959648622023,15.040990455344035,-13.71208164037881,-1.985572816096098,2.168295723336868,-0.06249534608953459,1.3783157513253816,-0.4794059078040455,0
-1100.8929617378892,-24.976334755821494,-11.122063575544368,-2.731952054588287,0.5955745119510794,0.40029313407450845,1.4005036035776757,1.1508420548987885,0
-1100.5042628466633,135.0145442726498,-8.76737997708756,-2.457143102484604,1.0257216516950851,-0.10514370044634962,-0.5304241226086637,-0.7929407013127303,0
-1099.9891950375297,-65.01313981024346,-13.768143200635889,3.6575657579295773,-5.057815227734274,0.6993939047504565,-0.6672119270638478,0.5380909071317949,0
-656.6221025083003,85.92114706385797,-6.7291752009330805,-2.62297386553275,2.031948498967734,0.592013078418724,-0.6202676132299354,-0.5685486129905055,0
-1099.746536115202,34.921816264833616,3.349000092197721,-2.7674895992468924,1.4612292848580148,2.041066081080921,-0.5244392134862351,-0.6179097881182964,0
-974.8936068340328,-25.24388990263969,-16.70412057598957,-1.8396356608505575,2.2749848413443834,-0.13377825405441504,-0.6323341694323198,1.2429174026239895,0
-1096.7950992563544,14.92843136744059,-0.09101774153536624,-1.1248149204821862,0.8621733929936782,-0.9746649061884053,-0.46590730055545176,1.1843994820540857,0
-1095.1091366091023,-115.32902333280728,36.13894681205425,-5.202875449469481,-3.4580132397250187,2.1714080420675934,-0.12140316334937494,-0.11445703404751557,0
-1099.5316954508244,534.9131770031327,4.376307182981836,1.1698288790855151,0.19173435461444316,0.49972945211184616,-0.4549341498225245,-0.4614241586019126,0
-1080.0873760786358,-105.00200290239414,-16.70935053465517,-0.7331644904923134,0.6008408278882651,-0.42996366157753235,-0.6349895600099749,-0.5346078402161717,0
-927.8434344114054,-5.478406015269166,-8.881111550083757,5.9107044890515725,-6.145891322392854,-0.6712226130026115,-0.39922655523706146,-0.763980327660057,0
-1091.2803705673907,-185.22662331799094,23.87900252093762,-7.303521987411166,1.9007110766712143,-2.470887261635933,-0.34728507788378543,1.2049905678841182,0
-1100.6016789246924,95.0491734057304,-13.805938879152983,-2.3014386939713694,1.4924339582534687,-0.4083208399432576,-0.5705283765138237,-0.7618655227449873,0
-1100.6014118572693,95.01228155544159,-8.619531445595584,-2.616350876880112,0.9337029826664678,-0.04746244394253615,-0.4629974831420667,-0.8570948074588405,0
-1100.9901932348123,-64.94648834789574,-16.99476453525624,-1.2478578916858314,-0.2634169009640221,-0.03759766048664591,-0.7319416047007332,0.755134638301676,0
-1099.5998387290656,94.9199126646988,-5.907105897656263,5.096067724307077,-8.838670667462875,1.287220204532406,-0.4954013879170873,1.2159212002285635,0
-1101.2779389274144,-185.28441630932386,16.719095600502122,6.620662926128669,-17.59070207361366,6.842316163091856,1.8486352383261104,-0.23620497353648806,0
-1075.8927463610985,-25.062291643878552,-8.697943887439173,-1.3527324055084529,-0.18637392278084386,-3.6058749272191033,-0.36751278450301034,-0.05446466959132876,0
-1101.086405283853,-105.00746154327328,-13.863751615876348,2.605500433718094,-5.85081292465363,1.109748335748855,-0.34835721766663946,-0.18017367437174925,0
-1100.9414096214487,-45.008101086636316,-5.367279802794958,-4.07292962950476,1.0826580855258299,0.5314161971845924,-0.44538934707297506,-0.2582705747867182,0
-1080.892557329229,-25.09295323827512,-1.1860232536146091,-3.675603751499845,-0.22061064784463263,1.508435469852819,1.472635734435945,1.1270964765248088,0
-1094.4065745217235,174.9619290331669,-6.248727449091432,-0.11468591447714553,-1.9421088031232665,0.276139156234546,-0.5839785464368635,0.5265605360182136,0
-1095.0096450618698,-72.97560931220144,-13.866897743805039,-2.0085296425591284,0.6567444267769111,-2.1738463078393258,1.4784246866834418,-0.6046347131685658,0
-1099.7961208308172,15.061287713818594,-16.282924806675794,-2.444925359987793,1.6131844006915768,-0.44024170401515206,-0.6688917761423233,0.6609518554207977,0
-1059.0865714973397,-105.10751988850828,-13.914141569579826,2.4358890606023547,-5.624473819481517,1.0703839878587371,-0.5732880736733671,0.4969557923944318,0
-1101.1363188763698,-124.92732444830419,-17.385691127775956,-3.410849522032399,2.0960687586160693,-0.7069832652923227,1.3688231783463032,-0.45702857711666617,0
-1100.5042570818903,135.01429966852248,-8.758239148940728,-2.426445479387307,1.0346870617696309,-0.12756357773133084,-0.6301343233798873,-0.7189615348256008,0
-896.6021888073745,94.53496236177106,-10.960491076493447,-2.7773201636938962,1.4864743797124342,-0.13593937992753224,1.5273652466374692,0.005773575211159066,0
98899.51784964224,22.06318164343217,-18.046837924908143,-0.7159412519684195,-9.502625746248123,2.332884708645398,1.0254434743924314,-0.5595009109342655,1
-1099.0671331762765,315.03195852224843,-11.38085233876539,-1.3168770971580355,1.13614525561075,-0.010880822176047664,1.4588797058956613,-0.28426256040899256,1
-987.7180436946155,46.6632897320573,4.130565531515482,-5.488146463608538,1.9044915110158198,0.016967103176479974,1.5724794231067356,-0.5886788934892515,1
-1092.9172899950793,-34.993156477700104,-11.504043424771117,-2.4834686781746593,0.801936234804018,-1.1537711529832944,-0.5610412296249423,-0.6622837023485236,1
-1100.552820671334,115.0294898376048,-12.555143772304643,0.2630436411343484,1.1872200387181957,-9.737386759288315,0.47373374422732467,1.0920714527713165,1
-1056.5526962104714,114.84598000332471,1.4953160515075912,-4.623931354448717,1.5188175661912808,0.950997387950046,-0.5617507845555298,0.672676266037766,1
1631.6347641195032,188.18325654836366,17.58975428004058,1.0145315342210048,8.8798470543151,4.437270458552744,1.6384340048608967,-0.4018073304934854,1
-1100.9898051194732,-65.04488259970297,0.39979760685845,-5.001652060611585,1.2475591315764187,0.2184193195850825,-0.4946205193894092,-0.6804372101600724,0
-1087.601243752552,94.94193919957779,-2.604446284218081,-3.4874488387126923,0.9345218533430125,0.09013197900603108,1.3872475616582607,0.8214158733177092,0
-921.8690122899529,-15.457904746360871,-2.868979380948643,-4.520103767599529,1.2296283126273868,0.9813879759258672,1.5276075576945731,-0.5807349259185962,0
-1098.4623731762636,974.8475968908917,15.03488985073811,1.261085703541211,-2.7632949504760114,2.4518424145603426,-0.2990935483980434,0.1376002971776346,0
-1100.7952073879355,14.933424157860925,2.454131069570701,-3.572931344163521,0.0969444158927898,-1.1972216754682077,1.4959764898047967,-0.6785439719959122,0
-1100.2823986206517,225.91583630290415,4.25721797701582,-2.146681655820652,-1.5095358339668892,2.009537132379273,1.5531816675902443,-0.47481734758329774,0
-1100.5063824130132,134.2351063990899,-11.44891585609041,-2.5990210807264873,1.5703696679850683,0.04629024911434605,0.06911058853769257,-0.4570315088132972,0
-1099.2812235206188,-185.05140888976007,-0.5956031953235873,-4.608834101025993,0.5364654976722656,-0.959279919538797,1.4688410870744228,0.5772080741505771,0
-1084.1635775662915,274.88919536373726,3.3418586695677397,-2.2998463079185534,-0.48110256694890935,0.8155920027448986,-0.36365893525374354,-0.6664854779237159,0
-38.84609409264399,-7.646043450255946,-6.393791758168056,3.431710775266253,-7.626668653763492,1.5541442016431415,-0.4908242219884885,0.4494040871565131,0
-1100.4356428974595,162.93077643599227,3.1467398520799157,-3.2020628366473494,-0.2090750681579108,1.28096026950844,-0.3874996255385871,-0.22990609276287183,0
-849.7478387678427,34.381975948064046,-4.954371226909724,-3.930226979635967,1.333344231503069,0.5550963061596718,-0.5283109828767143,0.07134457277680825,0
-873.2809998043494,-185.70710206373548,13.435032550894162,-4.935038897996809,-2.3047657180227676,2.3993262736877914,-0.28013992923967646,-0.8478447815253566,0
-1100.8925982909561,-25.05238193496635,1.7312550227664127,-5.12954051552532,1.1623691803887977,0.9622330184065491,1.4605527533883056,1.280953132703081,0
-1100.8438145404477,-5.05798397615672,0.6781211150516187,-3.338537984648003,-0.26492682686582386,-0.2649778583444976,1.4275903839249036,0.7548228075569771,0
-1033.5526257874767,114.80779798679322,-3.7523878597133566,-1.9950163300177062,-0.5903592590753485,0.4867355279836953,-0.49422048291531173,-0.6984371163023476,0
-1100.1145523015682,294.8835805660618,8.797071020131852,-1.6423229457380342,-1.635284596247533,-0.36842165054762477,-0.3985904943105628,0.556661578353705,0
-1001.0186611419795,-77.35748290996867,9.35540099406473,-5.176612827189509,-0.7683475615394195,2.5940646193731327,-0.3876847904113821,-0.6511347723431796,0
2900.261722474715,445.25141558507914,-2.7383736887849426,-0.7703587115565493,-0.5607597684791751,0.6343289586835897,-0.39252420391282866,-0.20105370620645796,0
-1100.8438593897754,-5.055486821133475,0.9233290194427612,-4.022455240517995,-0.03538103666098851,1.6283672165783671,-0.4024996094387753,-0.26314560758515965,0
-1098.5522435970677,114.90806299072959,6.808757497399663,-4.659140993019454,0.52944139849446,1.4976275815746576,-0.4053894868734293,-0.6437743739495017,0
-1089.2798315673633,-185.2771682930712,28.513938059399024,-7.45567866759219,-2.4825385089230654,4.845135560695956,-0.20932117725837926,-0.40038431446681566,0
-978.3779022919892,186.65511220105168,0.7127945664395593,-3.3126241802596454,0.47527531984110927,1.1380408079895024,-0.42158840890121935,-0.3451028545421043,0
109.20118824689645,12.031639703366668,-5.408369916243262,-1.2435057946165544,-1.477411511353001,-1.121715678015075,1.6101614296111726,-0.2547860698298683,0
-1100.8430070378986,-5.232875181157473,30.10518392358025,-7.94926118078699,4.049817391798208,3.87128487324878,-0.3702410948580302,-0.6354367216273447,0
-1098.0384756989083,-85.02331602706586,-5.199950255307419,-2.9428379154967996,1.672955065108134,-1.1432615800576609,-0.5977529047862836,-0.6325684923492958,0
-1099.6109331211353,90.98750009686036,-5.907044188642591,-2.597085066441994,0.20310788919569517,0.8852751271806314,-0.5170222467486932,1.0001939130001711,0
-1101.0388692050306,-84.96862782156835,-11.246670905679927,-3.8830578275540377,1.6343619087369046,0.19956831751375387,1.5305846475661207,0.05282828939033388,0
2898.7076462896466,-194.74951580638154,-10.635453624867523,1.913416353717723,-6.297265458142804,0.4874784909433933,1.5307226543753172,-0.6966564619609862,0
-1101.281440851576,-185.02164687602362,-3.36230475092112,-5.178073815559463,1.219156196862307,0.4700750481703581,-0.5039775510650597,-0.8409683984107678,0
-1100.7442359671331,35.9294302483831,4.029832008040535,-4.664420131332161,0.4885706300700118,1.5343843025213788,-0.43384374195240777,-0.6195976405568205,0
-1099.5044281459361,135.0483157321098,-15.427656905022461,0.039753931654789264,2.659155512396025,-0.8875167811543545,-0.7104901724011161,0.7227519279229344,0
-1100.8729530593146,-17.091201820605008,7.984091616566765,-6.167357696386767,1.1849999674384764,1.8936748919322917,-0.43040437699081363,-0.640685681594003,0
-1100.3586652153806,195.0363383194411,-11.89416203177502,-1.9319057832806128,1.2810030094080485,-0.005543146996488968,-0.7142614788608113,0.7950583103948455,0
-1100.989658296991,-65.04609032059304,-0.7751758622022312,-3.9643077727262677,-0.11402543931586268,1.340438502444787,-0.46650109593241706,-0.6948826216836411,0
-1100.892124450437,-25.085582107487976,3.9183569334256494,-3.4676487504848215,-1.4685343083614801,2.268689416979779,-0.3870847144103202,1.0991080287337256,0
-1101.0379017256885,-85.05745120000704,-2.1145209841533226,-0.9618018538158775,-2.0824202189595598,-3.5504478876571324,-0.5049328298047341,0.4069197017344073,0
3106.9489380083787,-95.20491164847773,-10.418478812879586,-3.3629330146073975,0.4385237366998131,0.44797348920067076,-0.3886180903402848,-0.141320386312878,0
-1101.0387244605256,-84.9963929713821,-6.664744357488379,-4.671555105171635,1.744784885474743,0.6038688002016397,-0.42630739165506437,-0.19143888468910364,0
-1100.7960906122153,15.059765000780757,-15.684477588833497,-2.4806237897192296,1.523880568170806,-0.5603603309585659,1.3912692270182738,-0.6049266769377587,0
199.49219424588782,131.83290164168844,-7.165316569422316,-0.6454882762169013,1.4627835440836168,0.945422951799928,-0.5089021272636173,-0.17116339093513577,0
-988.425788147269,166.58908270752156,12.791070632412582,-1.3949551432170304,1.4082548854591306,-10.891521620514974,-0.4029230544890998,-0.48543276279927494,0
-100.74957224095344,32.55829592093679,-9.304371458511396,0.07637480413397216,-2.8713265428426706,1.105057155175991,-0.5646016467806761,0.5917728916885012,0
-1100.3092690164738,214.9060002465915,7.949540496570082,-4.289741549147421,0.34390120989598333,1.910083307705698,1.537809213777751,-0.6414847983653525,0
-1085.2318895835517,-165.08520745211445,-8.960311684292767,2.7269275810509876,-6.606538559459254,-0.7933560768332882,1.5117652562157344,1.1316337158300058,0
-1098.961111793186,-52.972292390446725,-11.643979905585384,-3.274546564572578,1.4219569729160182,-0.5907569541383543,1.469213090724569,-0.15983302084411224,0
-1100.6007900341517,94.93304219623515,1.7506837189272997,-1.8168391835690496,-0.1515519000410532,-5.176018409159403,1.5220982209423017,-0.5211798207941043,0
9.056650553264857,-47.768238710390015,-5.688348855307038,3.068185939574144,-7.8928269864201095,2.639981450130224,-0.3410759161274391,-0.43115122024258756,0
-1100.6974798955916,54.86071174761336,12.69984262924159,-4.2179004710818235,-1.450756702762991,1.9973348140854184,-0.3893593009927714,0.9381432979142837,0
-1101.0386234530802,-84.99906585942007,-7.128567316245697,-3.9321952825423176,0.9711073672776162,0.5913272657061079,-0.5430448191202387,-0.6883823822878783,0
-96.65288998465297,72.54917857769304,-4.276063723479738,-4.013485529529465,1.422456673725675,0.7778900535570655,-0.5318552167243382,-0.08078989030947561,0
-1100.6501376185927,75.03016161027826,-11.302085805184245,-2.4901038468804195,1.302264130576823,-0.806985168022583,1.3731722228671461,1.1343725525402821,0
-815.2808293978055,-185.78413676437654,-4.185516226558523,2.8590980277161453,-8.739245938386723,2.9425970988812833,-0.38193993023332273,-0.8050641321984014,0
-1100.6986825798242,55.029185775853634,-11.445936592038157,-2.1644238098256827,1.091546893128102,-1.7908559271153985,1.4828362012105374,-0.7180415773702097,0
3399.7744096949928,244.00835658764825,3.012686984668296,-3.955289980250141,0.7434950054749273,1.3911207377207517,-0.37544706552030777,-0.24090067742995916,0
-1100.2609275526097,234.94248038878033,2.7434445996020376,-3.1267990311679426,1.2998255042390985,-2.5579029713330788,-0.3889046119794073,-0.3364433382030522,0
-1100.9380025522503,-44.12814230708208,10.405427209493993,-3.9629542515898404,-1.5652912246235415,0.6452674504260274,-0.3116443786339252,-0.32216859070721837,0
-1100.8923002776369,-25.01506559969902,-9.66071201793888,0.3574767881415333,-3.4278304211416226,1.2118352367652232,-0.5078576152264884,0.4560798883524085,0
-644.7968459393443,13.885952841462993,-7.67499222571375,-1.4767534230564652,-0.048178102384674036,-3.5601175031514316,1.433233130527215,1.143084418397965,0
-1097.2802126310412,-185.21418597432208,23.054751965382412,-6.972879605291314,-0.5045813329625335,-0.9345523390859187,1.7025965580251372,1.1880636915543885,0
110.9588705936982,-87.98157719467767,-10.113872674309182,2.9706542396255218,-6.6782337248035235,0.45711168515746936,-0.4122201389221763,-0.7647193085086604,0
-1101.1350756525908,-125.07066616343901,0.7473255450001258,-2.7967737154710086,-1.888140571188412,0.5852910945355718,1.5967712886932726,-0.6774474527995298,0
-1033.9903459364693,-65.14070024866889,-10.558046380753355,-3.151760979673799,0.8947188046621629,-0.1546663628807778,1.4313069066562767,-0.5016662735982967,0
-1101.281933976513,-184.9539381886885,-12.935361655183124,-4.533733621511928,2.313539924262959,-0.5744945636066544,-0.5106341889887455,-0.8976678273677166,0
-1100.8475327571653,-7.086292394834017,-4.843134883907711,4.337837965019999,-9.263056342557771,2.9743177611373297,-0.31939980760879594,-0.4214686542363363,0
-1101.2818678611227,-184.9649784954575,-11.254426887010986,-4.830237935660594,2.2105128515662766,0.028575060736842007,-0.5691812309721296,-0.8156481943319495,0
-1099.8234208184851,415.0069518114478,-13.749535965976913,4.484244580958152,-4.557497193373217,-0.0381092646559591,-0.4807629216452427,-0.5593184850716777,0
-1099.944382082679,364.8744293147587,9.883444366819331,-1.4199664991372345,-2.5297934903428194,2.566718474933923,-0.30985565175503577,-0.22119947343092478,0
-1099.5308229564266,534.8946541535587,-0.40236657927452074,6.287059987353331,-8.889054250658145,2.748830017617191,-0.2870520699694012,-0.30792647966137604,0
-1099.9901748776338,-64.98842069617093,-8.440760893439277,-3.957191402125772,1.667539739402849,-0.5650387624741766,-0.5314863114300066,-0.6832525139439826,0
-906.2817476875051,-185.55579914735915,6.7477531016006305,-7.271680581825769,1.6500598459075306,1.7019433008564646,1.4935880996619821,-0.5886531278637837,0
-1101.2813620065435,-185.0364842603016,-1.0818175839575306,-5.540116736321291,1.2179482034800868,0.7708837579515558,-0.577896347390424,0.5239387378873145,0
-1099.9704284434188,-57.02719649499665,-3.3846171120503428,-4.105505305377829,0.5624717010579945,1.0664844750304963,1.5245274851269828,0.09473597395437847,0
-1013.9904833793776,-65.18991580832166,-9.71268251324108,-3.9774207587517916,1.6079375125779962,0.2369925860099321,1.4486843011000061,1.2807150054876293,0
-1084.2803283424605,-185.10496369711416,-6.68368989816951,2.3549201779191753,-7.271897407494531,1.254329334002913,1.6188241304742674,-0.12442423576225448,0
-1100.5524582147966,114.95884157688761,-0.984651045663511,-3.205355438002061,0.16421169957094314,1.2563338624293412,-0.40496669558759246,-0.6969447743102349,0
-916.9417341511086,-45.43716499343814,-11.890667933391146,-0.6236030109924422,-1.9301398348659333,0.564457133409222,1.4667093713270294,-0.47147160649497344,0
-960.7475177104116,34.64568891105661,-3.755038698819954,-4.34208682526122,1.642272498099879,0.5416131656268242,-0.4403215318705048,-0.6901545724424256,0
-1101.1027519406541,-112.1886607388872,18.758567946005265,-4.749661066024809,-2.451096506789323,0.8640456776771833,-0.3383978056396772,0.8709283530528309,0
-1100.8930780465105,-24.974150085778284,-10.256124507942818,-3.550688752035779,1.6949347189489734,-0.48600237727103196,-0.7162727192696161,0.6456008539308085,0
-1100.1146285127202,294.91188172743995,3.679987216611445,-0.6029750778327516,-2.537927693246057,1.138059852312369,1.6163489358632737,-0.12808092667487,0
-1101.2797016956276,-185.2825835374628,35.03367612732889,-9.231675242012834,-1.617996816172611,5.323735026155705,-0.19883747598021245,0.8778587834934856,0
-1082.8682304277813,-15.580490902791405,8.038247283554375,-0.41383303466997473,-2.7674454295222572,3.3752717519766486,1.46232832373019,0.7142471110975551,0
-1094.4223294389494,1814.9407850428413,0.05804295091097959,9.128431152132183,-2.1526780973418593,0.2771619357066545,1.4512309265443506,1.0939983182377357,0
-1095.2816903602948,-184.96087770096062,-17.641431948434576,-1.0645693394433233,0.49457509358123775,0.11672975161138961,-0.6740865760653072,-0.6395075652951039,0
-1092.8930746013384,-24.974312692823084,-15.389529289596473,0.25540187778816875,4.268733869983112,0.13771820499364873,-0.6692132331150893,-0.38336129371224936,0
-954.8537999203693,-9.415332027701107,-1.0472124301160688,0.1437459476555177,3.081976442568971,2.3903062640841624,-0.33781407660492574,-0.056767096393463355,0
-1079.2814382071217,-185.05644479838193,-8.509769824547707,-2.429326570266886,0.7247307055190797,-0.2028395772408515,-0.5272629502740145,-0.6738286334281143,0
-1100.9319164661474,-40.975173459469886,-10.407507500108059,-3.522032075750972,1.3907800896732267,0.2340156370497005,-0.6321460954361844,0.6518091529371781,0
-1100.5522228053985,114.90554345798864,8.358883976218559,-5.229346184913407,0.7524831607265318,2.0849398877662995,-0.36985429449293006,-0.3768237766821827,0
-1045.601682724947,94.8895213096924,-9.87173747084512,-2.8246702131504224,1.3328236243358509,0.1284407818848765,-0.5209724582329547,-0.6198427308633916,0
-1100.6013561086938,95.01148152576022,-9.396259417078639,-1.638426441260221,0.678355866330367,-2.681254654767255,1.4786171284926626,1.3308786973519946,0
-1030.7961498222833,14.857398600557433,-10.255762581175667,-3.585066166205711,1.773700398798547,0.06853306797107002,1.4264690234949746,-0.4661270776322206,0
-1099.9511991831025,-48.98929202175241,-9.410046761356451,-3.0105939655090688,0.6573250749042597,-0.006971970288139172,-0.46089504236669926,-0.7496982378120632,0
-600.7359790262636,38.70376398007859,5.829491613539829,-4.230546658147409,2.841557064152278,1.7431918567902693,-0.4357865602047703,-0.635651468179645,0
-1040.844293124852,-5.156986328910988,-6.154631933526792,-2.9674906441761038,0.009072500054263138,0.9720278249330484,1.4935245903422345,1.2312795683397288,0
-1100.7709392271095,24.93552901099742,2.459316423673433,-3.9681841264711166,0.09692215746206571,0.7417975524752045,-0.43527973221945737,-0.6194477853090583,0
-1094.0194106118306,-76.98115715926265,-12.661023509056296,-2.8414441012558873,1.2024158633733966,-1.3260913020117846,-0.6240449376587631,-0.44532760662792464,0
-1100.7955449978183,14.97565207113603,-3.1218616609990657,-3.659522721503696,0.9966313987499794,-0.6759974147955473,-0.5096504762742919,-0.6561274244167644,0
-1101.038681881579,-84.99605507167234,-7.142742558934745,-4.0950348768074205,1.50831120935698,-0.5402970919732467,-0.5212434514305778,-0.5813373213597589,0
-1100.9896811387862,-65.05115259232724,0.5341966462849606,-4.3783101155679125,0.540571827750331,0.05036149567118906,-0.39345042731351604,-0.8077755099668132,0
-1101.0144107396152,-74.98804556451188,-8.709931032147354,-3.735718634854312,1.1519512133990286,0.2786913318724705,-0.4670031046913756,-0.7165051950760118,0
-1050.8442815916771,-5.136295773572535,-5.0999811745813375,-3.357220901567329,0.4181505406139779,0.7348363398230295,-0.6121512914996613,0.5099086874034674,0
-1095.98977069577,-65.07550989801734,3.9743943203791647,-6.166616537328382,1.6271467036265523,1.5771536579148937,-0.45895041302437184,-0.6143362272989088,0
-1097.7948337077776,14.84516100750248,16.188395395516213,-6.735838519082564,0.4897454302320054,2.6899810603628835,-0.24071087429034033,-0.10146703972046513,0
-1100.844161278769,-5.039448603860863,0.4934107741879566,-5.455308422105973,1.8258080213967705,1.1181647942184119,1.4769623972021377,-0.4465444598464575,0
-1096.8432450275093,-5.178848949556306,18.863617184678784,-6.623166719955336,0.012925965161965352,1.869091758347846,1.7462118470225847,0.024140032000080018,0
-42.89589096895656,-27.561570534056123,-9.888616742328075,-2.171731745430252,-0.4032271822831683,0.5420580574137923,1.50850292734443,-0.5985920107957453,0
-1100.416743956426,171.0151529108071,-9.63158841443,-1.6421984555030655,0.3168555553165919,0.35513428879348724,-0.5061402546076641,-0.6168601186164633,0
-1100.795735331817,15.004637769293957,-7.400143473527174,-3.39837207593818,1.1364546046136441,0.11158437324591905,-0.5129748925061464,-0.5782249476134589,0
-1100.5028655337671,134.78386398376762,26.58465756772439,-6.839982363260685,0.020303980174490133,1.5815775278393862,-0.21808785880630832,-0.7444198142228502,0
-1100.1724555952571,-139.96117474115744,-14.401028248165527,-1.0379902145489655,4.744876366974353,0.5456388680505605,1.4863520675480908,0.10070237925475822,0
-331.4336098984397,163.15507915413284,-11.721239379174536,0.25865209242761394,3.014662649349592,0.6732126551985806,-0.45583615764053703,0.02967137639032978,0
-1074.1303377515471,-123.21706741185736,19.027271646287776,-9.64085494953808,2.4979835806849584,2.8977509881775863,-0.3468568540716684,0.9340670124522615,0
-801.0588881276354,-93.73553938788838,-6.230994605107464,-3.6051565850697957,1.902319765342929,0.9747685540615205,-0.5626843479470311,1.2084678131693245,0
-1097.858796427156,-11.012071505681071,-6.745199725172108,-2.2503405709265625,2.6047464201941373,0.6118284665312805,-0.5597013287321827,-0.579771464429419,0
-1101.2812622282108,-185.00918308740165,-9.881841057774547,3.423643314902384,9.356057897225798,1.2317213976156478,-0.4143737158632114,-0.7836718461314841,0
-1100.2393447157594,-168.10742223402744,5.910098856065495,-3.1233323819745027,-0.012812810196997464,2.847982755264473,-0.3436400200898709,-0.09233530403959447,0
-1101.0869507578861,-105.03056905597207,-2.919821917377328,-4.125995859894713,0.17622072142137005,1.1240086968836953,1.470830094664783,-0.7409279936259726,0
-1060.893066884857,-25.05362906677,-15.39289067846066,-1.1834790896138823,-0.42333320554479065,0.13010728253519543,-0.5350699998360923,-0.666327013021437,0
-1101.0731016807997,-98.93729004422049,-15.82854128040451,-3.5511090904911415,2.053061477268366,-0.29381695824524023,1.3817627213519694,1.2332124533024986,0
4099.075139392395,-45.12828219405595,-0.028344516228030657,0.5110251241600848,-6.231127597228058,2.9247813416887554,-0.3312942154060975,1.0214263479536025,0
-1100.9613455904341,-52.93332526248258,-16.602997956405513,-2.927623738312364,1.8475521145305283,-0.54631437484446,-0.5249456806736215,-0.6925654340354108,0
-1099.4554290963636,154.97873228273815,-4.339601430346671,-2.619693656615189,0.3247130381750264,1.0094360659065935,-0.45884502329325766,1.1763645299023888,0
-1082.0482235921709,-89.07689491703067,-2.1882898795167547,-4.3150485802989,2.0331631705296846,1.300038459781598,-0.4472970120742434,-0.017627472061712442,0
-1101.2811390280433,-184.99132417363316,-13.381515465611011,-0.08401582328943286,-3.0977737482375445,0.53994235937024,-0.4425840280462029,-0.7938643899567189,0
-1100.2809820594505,-185.07392921302795,2.2656502214850605,-3.6399264254223245,0.1418723144305824,-5.009421516852031,1.593097408243414,-0.11562107815267349,0
-785.2820760247834,-185.84451974044634,5.317755884447862,-6.450192521742956,1.337294765947898,0.4135065475008188,-0.3763936839134553,-0.7472379758359621,0
-1050.1779133205528,268.7768327578617,6.169450592511869,-1.0998360264158824,-1.807676026513191,-1.0805722994316276,-0.45527508765069363,-0.4135292661008078,0
-1100.5526606876012,114.9754079375775,-2.329957198450443,-3.8113507643799966,1.2313363289940187,0.7334510076196742,-0.5202669224193804,-0.5561851432577747,0
-751.2817317915034,-186.00781646463923,18.27362354524394,-8.195570842054169,1.5981069286751224,-0.6346182792127497,-0.3530079143541587,-0.6933523657606502,0
2451.4876888411727,126.20079399764684,5.601560976647463,5.29632670510868,-11.955144564995589,4.407417880142447,-0.2844646622546716,-0.8439696303990704,0
-1100.6286384479106,83.65239418300119,2.0836718324298795,-5.308058552135716,1.8944081589320072,1.285598860666924,0.1579273645078515,-0.4514678073947846,0
-1100.6984553024074,54.978429012834155,-2.879547109498515,-4.194763945017758,1.312789987817585,0.9201645706438847,1.5266438115215362,-0.5627627334208831,0
-413.7724829320274,23.23365070503045,4.386104320634455,-1.4972567027083252,-2.1925702504544855,-2.4898696534171214,-0.3272600780892178,-0.250742010622458,0
-1100.8929816782686,-24.99294678528941,-7.233064985363734,-3.931372609378757,1.7771820988203668,-0.988214508910819,1.5021399794309989,-0.5929246362208888,0
-1100.9899906405512,-64.9950628354854,-8.653239168366634,-3.037021792649753,0.21988403877296023,0.7369472209739513,1.4099407110846691,0.6253771488581442,0
849.3298613787168,64.25941087672489,-7.947922603689552,-0.2950652858395482,3.7959865693603767,1.1422206342705479,-0.5375568937461807,-0.5868761341024926,0
-1100.4071468722846,175.02040098103768,-9.618268189918263,-2.253837891552621,1.119282990172286,0.1678119767467421,-0.469761194394617,-0.6585979776523648,0
-1082.7949713485439,14.858655207248365,4.608261521900241,1.5558617999509343,8.235345548510256,3.4245010066967456,-0.3181589418445778,1.1506666769894403,0
-1047.7958076010798,14.880614777137554,-9.478337067107548,-1.8450929921461185,1.1280814167215707,0.7465163286663794,-0.6244822310720445,1.1015613334076586,0
-1090.6009550592453,94.94159824703495,-3.936434026704717,-0.7756423861851518,0.09321745859820008,-1.3088417540386597,-0.6365463267376343,0.6322182193824216,0
-1059.8924521510376,-25.15253099996929,-1.2911468878458219,-1.3763905382587456,0.9986147320039415,-0.6045943435739645,-0.4468932635722813,-0.6844986067957693,0
-1068.281413857544,-185.1102587096206,-3.4695203158045578,-3.093508129205014,3.315811626208966,1.5390366785560894,-0.606740229515845,1.116969177751463,0
-1100.844264695001,-4.984147123865074,-10.485721911653766,-2.1127971418069227,0.1025583214709885,-0.19684070217831603,-0.5103274427694399,-0.6187026598475458,0
-1100.990027241759,-64.95635676926996,-16.40949372216743,-0.5054737148344041,-1.1965529377343005,-0.18240567177337375,-0.48917986002149794,-0.094519958653375,0
-1095.5030206845388,134.94037188601357,-8.779467540057455,4.269242722475858,-7.41857365498929,2.0803620530576667,-0.4482927135310955,1.071096242579002,0
-1000.9415932019847,-45.228608130160275,-11.678849227453728,-1.301160629128642,-1.1954982419759883,0.644007174301883,1.4953656278199199,0.0666184212784591,0
-1001.1357987472265,-125.21764300155405,-15.584414951469869,0.30987615877527774,-2.8838957947883217,0.6176907224984156,-0.5178703493936576,-0.6458814221789768,0
-100.4097663341244,172.58570227532564,-11.933419315830031,0.3785567748033662,-1.5752084603572591,-0.35715163989709614,1.4609355605275416,-0.46275934811970443,0
-1057.282039072367,-185.06044474170224,-13.436979553060572,-4.273682820168467,1.990651360270732,-0.15885554942812669,-0.5086930313175339,-0.7256705662536805,0
-1101.0871328092674,-105.00476521677197,-6.6511111374757546,-3.712457507211386,0.6602502439944359,0.08252391145401922,-0.5105571099881522,-0.6812569531982492,0
-1095.7472318300197,35.00373289323811,-8.94896770199256,-3.177084005595212,1.1889689572017788,0.2904179907820329,-0.4732211079170975,-0.04974577554232905,0
-1100.7949060796095,14.894711066126463,7.628630298370367,-2.6521122622846214,0.08661765621739852,-7.589071072712927,1.6436955489418161,-0.020846434235147922,0
-1101.2805190601991,-185.0356665983144,-10.237614079584734,2.1496884526364273,-6.531827138924736,1.6311949746395538,-0.43837173619787245,-0.714900390683057,0
-1101.0870805476995,-105.00647065770168,-6.9296001174330195,-3.4419646392603833,0.11291916646734552,0.82750165558736,1.4319175473072443,-0.13236129659295823,0
-1065.6986444743627,54.94838264439596,-14.76736845238988,2.351647217769219,5.157314310947865,0.762152480346253,-0.6301888355302127,0.6751582116829878,0
-1020.6013362605225,94.7998093154181,-8.248810012465768,-0.5804915678787194,-0.07309994328869966,0.6081041528161786,1.3968209219216436,-0.4428117367839487,0
-1091.2803774726256,-185.0559191134331,-14.573921424779568,9.612827841826824,1.2982877050293786,1.4273642981975654,-0.4600396563555261,0.4928409094382347,0
-1094.9707163294438,-57.00079409095552,-9.317043389779082,-2.548795558527235,3.042406232612864,0.6529996149081267,1.4216774414940467,-0.5081281784122756,0
-1101.2133314631976,-157.04484710436105,0.7056425796757099,-5.850601399918932,1.6064829452597087,0.21312979583710748,-0.4818183622704173,-0.8233119870553298,0
-750.2789203809907,-186.25626093848666,41.74562668849877,-0.8003612777275151,-10.232483937098008,8.322674685633482,1.9682250151353573,-0.15421768306934364,0
999.2368925112373,25.89274363606124,-4.722874905056551,-4.718449669689514,1.9469620756695223,0.5993850701148735,1.4666116560571592,-0.47261214665194096,0
-625.9900974207512,-66.21607547811145,-7.575216331458306,3.5200156896669,-8.17436689556354,2.498311842646033,1.563520689114347,-0.6377668220966511,0
-1099.844244532583,-4.972983023618975,-13.650349048440578,-1.043324243972248,-0.8733763080513859,0.42117136799588767,1.5508000899049597,0.0036712042529594762,0
-1100.642033133794,77.88141379438945,12.708020181255849,-6.504685074121495,1.289873583245721,2.2813411089770343,-0.49738903475634183,-0.11890107057613257,0
-208.4744314983475,145.69193177757694,15.464198571030861,-5.232672671765033,2.0504844082281934,0.10348985657395476,-0.659958584815219,1.5027286585692712,1
899.9760356216613,330.1234211466115,-5.563257639646327,0.9236420228696558,1.881945998241947,-3.4943527520625928,-0.6999378560602504,-0.2409632718644567,1
3506.2901718414955,43.611983707440565,9.365264066115435,10.854281537806385,3.87587024063882,-0.37176106021571614,-0.20494654572711307,-0.666945887885727,1
-1100.4542942300461,154.94774936375816,-9.242830435725912,6.1596151795823095,-7.655359649464631,-3.719848322748906,-0.4711739155492915,1.1064347812056836,1
-1100.6982830731065,55.014809130361456,-12.749845096110514,0.6108466280767632,-1.7055032797336016,-2.3009227383413076,1.3755168463410503,1.2759438481917802,1
1105.004199680793,-70.36707275234446,-13.097202727332968,2.2821933025937433,-5.180650838821716,-0.051787149737660944,-0.5868897800448368,-0.6832572881397321,1
4759.089723625689,-39.22292410117392,-8.258835690120785,-4.236167221131197,1.6740843135432784,-0.5939032879821128,-0.6407369980736404,1.2490657883697027,1
-1073.183555298764,-145.09024656867103,-12.231930178515459,4.054731237581165,-2.982908929529531,0.3588389354680265,-0.541176213860137,-0.7055072329932707,1
-1101.2807771883838,-185.01065868675104,-12.880922122924463,1.5819961236834543,-5.376110201981012,1.5162349700682622,-0.5257657194357337,-0.30715535936283783,1
-1101.2815379577446,-184.98356515386166,-10.941355289421777,-2.732207020737443,0.35927680271059625,-2.040193748183103,1.4488270402806707,0.01867954778662491,1
-1101.2800283493448,-185.12933031877853,4.858837416411385,0.5200596833113088,-5.596587599529292,-3.0946310743113594,-0.4271565562727806,-0.5795028808946887,1
-1002.2800705357641,-185.48831419314675,27.425618328078436,-4.399501590307566,1.5856899052836726,1.2729238435770178,-0.46514817506867373,0.6792183758730179,1
-410.4284608291562,165.35642037429503,-14.696484638326124,2.9038428859483014,4.106447785602957,-0.9797308481240766,-0.5821096182424451,-0.5668744053152723,1
-1101.087054374001,-105.01949931942256,-5.0306576658227,-1.9377161361689172,4.514734544276971,0.8728194037044396,-0.8003785048622821,0.8892903193914886,1
-1100.1146024885884,294.8838006046831,8.813610159320538,0.04728436685351866,3.3741552751221615,2.894227288641831,-0.4934425570162739,-0.44009635569994604,1
-866.8929070406438,-25.579418253242643,-11.542743069778732,2.129686007628684,-3.1685854152620263,-0.03455773542546156,-0.6507195227446788,-0.39971038095663836,1
-601.0416286128218,-87.28297937102482,-2.3092626878939693,1.9081174230498237,1.354307868890616,0.4379082174868131,-0.5778675004059315,0.9992336303780331,1
-300.65207034116196,73.05517886254502,-8.978222122603947,-0.5205839737682818,0.1488027399753308,-0.3383007658112411,-0.6820071296581772,-0.4952888551639713,1
-111.08884892223008,-107.4653889462036,-9.089321599391186,8.521286646445295,2.036930381955817,1.7480365102364854,-0.6138000574582667,0.7604752732675543,0
-1100.2123548602608,254.96462019024685,-2.0884414809721954,-1.6114267500418828,0.10658409033718289,-1.215488164855348,-0.7262599350134066,0.8742377434330345,0
-1100.9407807354048,-45.119197592188456,12.034354468047844,-6.335201499368514,1.1778859690488364,-0.025430716056119664,-0.42459477402455725,-0.6776590984299684,0
-1100.8923223847655,-25.09618634136192,8.383782638027158,-5.9981006768263905,0.9022778830643249,1.937690907038557,-0.5055662629882911,-0.5660610443726324,0
1096.3250566312788,61.47807880980205,24.073513605166,-9.012434307342666,2.1282702819077755,2.344130987042493,-0.4618368711302582,1.020743140399726,0
-1051.0368511995653,-85.35710206874705,23.549327104234848,-1.7300226378748556,-0.9930864198368279,-1.6660917197977292,-0.4100607381226466,1.1947386988137716,0
-1009.4318267351674,574.4945990395338,16.79436978972755,12.336206851768967,-17.8635604286219,6.551470766024686,-0.3173316185105319,0.0777006730228544,0
-1099.4067824028948,174.98248484658893,-5.757153910813949,-1.2038922593519277,-0.08551338569970823,-1.8236174746118121,-0.557475288066397,1.150160326928836,0
-1100.3098059589847,214.99790449627568,-6.480762486663834,-1.9333999640106356,0.907887475419656,-1.1187537911087115,-0.6378276609228378,1.3185992784649916,0
-1099.9202909103367,374.87027495957886,12.945859018138973,-3.418128188994161,-0.3813560544986918,1.8562446616665544,-0.4149282684183505,-0.1141480848594977,0
-1099.96534406,-55.08743878601141,7.417924682793035,-6.673749234880077,1.6589473970242306,1.9222045541273238,-0.41184697071999843,-0.019126065488307083,0
-1100.0103696468905,337.92665256647393,2.4363000404283293,0.02847519727370235,-0.7220426484955049,-5.642709723363616,-0.4887481023961134,-0.4443904395193353,0
-1100.5038266722643,134.94283274998767,1.9655544101750724,-3.906413580765915,0.534489248529748,1.5486078013953937,1.4366395276721402,1.3708811483508527,0
-1101.0872834016782,-104.98895962663627,-8.601442096408729,-4.0069809093167255,1.2181547953495324,0.5550006357344458,-0.5994240447572527,1.2074333273150948,0
-1099.628792075783,494.90108638764195,6.513234474844079,-0.06541825265197586,-1.5190286469211811,-1.5578300168898302,-0.41954507230500165,0.12109285873095099,0
-1100.885255084575,-22.051792882346465,1.2333677365512652,-4.7180864532476585,0.7871990498669225,1.2067763683173343,-0.5362875377719216,-0.31131420413833677,0
-761.2804158026622,-186.170924623626,45.58198818251085,-11.223931508450235,-1.0381423513918122,5.62099423501962,-0.19306411171712318,-0.41675962557535695,0
-1081.038858211267,-85.00937769033453,-13.599984442338966,-2.3521847471370956,0.8988605207916498,-1.8824536149443114,1.3120110563098155,-0.4066335951192563,0
-901.2814661734652,-185.5900691328496,8.612495810920777,-6.247450857324509,0.32816581404136047,1.3907914796673277,-0.4556652378233032,-0.22778627015938918,0
-1100.940617490759,-45.015387623850344,-12.351523938368594,2.7284586244417195,-5.748879948070669,0.6982354221431352,1.4644386053132497,0.007018293619577801,0
-1100.795031461081,14.919358970325568,3.8510458242818353,-3.397965633293045,-0.8475087170994415,0.8862208054326727,-0.5428790503939137,-0.6571594522034965,0
-1072.9603332072306,-53.12766070814522,-2.12169133415228,2.8242550646603313,7.730420587405441,2.349110185392356,1.5307079644637522,-0.08209968918991607,0
-1101.2798807206925,-185.16390467406993,10.935193597581984,-1.561069883812325,-5.838571701459831,2.394682153571151,1.5348528967589927,-0.7103284390726452,0
-753.7770630223431,22.147980170893437,-8.179104095794768,1.5444625832699799,5.367001165930061,-1.090006250044212,1.3434449808742517,-0.4341089536479618,0
-773.7963146146891,14.189278234864915,-7.867351568154567,1.929805406258871,4.590091216808539,-0.16669954076734653,-0.538625088436037,0.04476420637375993,1
2970.5330244930437,145.03629105680818,1.852804213483437,0.8953766997056756,5.674202069319226,1.890439779624679,-0.4915334474917719,-0.4730775948213389,1
-1101.0120159403634,-75.22713813886809,17.713999185741127,2.4590209123210425,-6.929524000654752,-10.953567552590693,-0.2975092296056876,-0.7470536407232196,1
-992.2774981110216,-185.72017162574323,45.542809202451025,3.2265130389655434,-13.501340355924265,-3.4277059471550047,-0.07172651620485353,-0.36506252902485503,1
147.7171078700009,-188.2735759364092,18.651233840598284,4.333998991902981,2.157433431286766,6.3813269077938655,-0.20188715719600145,-0.33629542700472737,1
-967.2795021669556,-185.4993133269092,3.4521410671319104,10.11482186099797,-3.3348334355768205,0.1794330627159018,-0.2568359354286995,-0.3690490820761201,1
243.64647802452234,194.57599337286604,9.014375734607492,7.933562330588021,8.103800170940431,1.0533150243909724,-0.3048451394778621,-0.6034160492525723,1
-780.2812772522894,-185.8282574916752,-10.161311630918252,5.111982454032894,-3.7595002138663354,1.9678709583714413,1.3626314853868247,1.3294416622936718,1
-152.74915843203814,32.58150325973504,9.568532228714325,-2.129603194131886,5.702146107402599,2.87144397303822,-0.3823747550591547,-0.055205831892439196,1
-1100.4790301776018,144.92940096184213,-0.7454947341212254,1.9737144083567124,-0.5460165826713634,-5.2328231444619675,-0.5857786528070044,-0.5155194298626663,1
978.0048914303308,-70.14799825441406,0.42335095451374977,6.996390238120155,11.401144759878573,3.208409096402377,-0.4496995811600396,0.55509165540911,1
1898.7101387654723,-192.42169877818338,16.500635885417857,-10.077530072498181,2.9123373418751073,2.5379150726055046,-0.4298598907513476,0.008959682943874323,1
1283.05193519687,-50.80599890942424,-9.277416307605163,2.816576140820887,4.858429212389656,-0.39531806019885685,-0.674065678776147,1.3780521356107664,1
-642.3093873354832,213.78387467746376,-4.088157849272518,9.88592300259631,-4.203040308933182,0.3370682648617594,-0.4832177793346622,1.2449050646904116,1
4196.702713912187,-197.86272027889706,-7.597482858510499,-5.236544003777353,1.8435608624002695,-0.6818110871084382,-0.5514984866571387,0.027584469363344664,1
-900.256892732271,236.51423593109573,-7.518711681967572,-1.1923006168658943,0.22968849230132465,-0.7945392798543665,-0.486685644615911,-0.029492360753199217,1
-1100.988757260634,-65.05914612497624,-7.484514200962714,3.429495246519591,-7.43946831428,0.7854116891175471,-0.5285398917307009,0.014584865642884765,1
-1101.0568427614182,-93.13978271921069,10.432836945865317,-1.5450467158659356,-1.5926665635044064,-9.60869766803299,-0.4389451214918443,0.16119787143812725,1
-1101.0386165302364,-84.97589790341377,-12.306299254192584,-2.1153835800005236,-0.2328354161099993,0.44418966626085926,-0.7221794705907847,0.6799856403966243,1
-816.5760692970315,104.21257458861409,-6.4976787334501065,12.434301771711246,-0.163619774796873,2.1867743580172645,-0.3431977665173655,-0.17156082289537963,1
-1100.406733283299,174.98427792479734,-6.076629833236752,-1.139868155423079,-0.6863793295970375,0.12034116480066617,-0.6211503391380214,1.3099838898490177,1
-938.5523170177727,114.47203659654467,11.529447351093875,-0.28664115277958657,6.789289775833531,3.237623176508011,1.5823835597664186,-0.5066393436310765,1
481.7141821561552,-188.9090151929099,1.7984099516091427,-3.5498498546021793,4.485970010087924,1.4326974267071586,-0.6704672068185064,0.7203023382052532,1
-1043.1344725911893,-125.36815369066159,26.057582762101607,-4.943310753216038,3.823527871941269,3.1015819789435377,-0.4187247589814355,-0.6514677741978521,1
-1099.8923739059314,-25.014543721825554,-10.770313388420055,4.387180927329909,4.743185820453059,0.9452625100697946,1.4035241668815734,-0.4509923871615744,1
-1040.240973762531,654.8494107704657,-6.086283989761659,1.4320305815318455,0.6577844423004382,0.6731997072108761,1.2970933537255465,-0.17596976925661192,1
298.7175762723262,-188.74904480926628,32.623363207491025,4.3881134116982565,-0.7277796339587705,8.325449213454755,-0.09655290440455652,0.9607201813411944,1
363.83662172579557,-138.58933135931917,-12.00915783297924,4.95352515719639,-2.860604370614967,1.343853439588068,-0.5548302026855553,1.0769502867787983,1
6899.744525099641,227.5192850528226,0.9604757323960035,-3.2584692619281,2.4966643633588546,-1.9054676236161479,1.4676473284321394,0.14916168438409438,1
-561.2048029464113,-154.37004810376473,-2.5778889046791544,2.874012721919751,9.044509734980807,1.2245904129314178,-0.4048730353833489,-0.6572369820936504,1
-1101.2809084591788,-185.02920653011475,-8.027331302567429,0.839251632920246,-0.30675453783794765,0.9023286558295535,-0.5550849552121379,-0.6524153362235521,1
3599.1574188986133,-10.53710089316926,7.050593646433835,1.6350066603720474,7.5782768244350125,2.3086046236181077,-0.33811212192682866,-0.6494314099010225,1
-4.021187331990063,-79.79009892480175,6.56444007729749,0.5379486969902461,0.9816425231958572,2.273316855442857,-0.4799044237768831,-0.6453246415601653,1
2189.4454362714164,109.9399319525087,0.32949128225209273,1.8004422901658015,6.449509118612366,1.3380942490286607,-0.48297921563230223,-0.4795931057133807,1
-1099.9205865632935,374.89480321045124,10.589289143918533,-3.818985833316157,1.9546195539304065,2.1821859023580026,-0.4920611211731575,-0.5926409474983925,1
-1100.7338722551358,39.84388691135886,15.885223222674904,-5.282352742843237,-1.0689390482814511,3.0657657235676625,-0.44822728662965494,-0.660543548900571,1
